{
	"type": "bigglobe:nether_flower",
	"config": {
		"randomize_chance": 0.0,
		"randomize_radius": 16,
		"entries": [
			{
				"weight": 1.0,
				"radius": { "type": "uniform", "min": 8, "max": 16 },
				"state": {
					"place": "minecraft:fire[north=false,south=false,east=false,west=false,up=false,age=0]",
					"replace": "minecraft:air"
				},
				"under": {
					"place": "minecraft:netherrack",
					"replace": [
						"minecraft:red_sand",
						"minecraft:red_sandstone",
						"minecraft:basalt",
						"minecraft:blackstone",
						"minecraft:netherrack",
						"bigglobe:ashen_netherrack"
					]
				}
			}
		]
	}
}