{
	"type": "bigglobe:flower",
	"config": {
		"seed": "farmersdelight_beach_crops",
		"distance": 16.0,
		"variation": 16.0,
		"spawn_chance": 0.125,
		"randomize_chance": 0.0,
		"randomize_radius": { "type": "uniform", "min": 24.0, "max": 48.0 },
		"noise": {
			"type": "abs",
			"grid": {
				"type": "sum",
				"layers": [
					{ "type": "smooth", "scale": 32, "amplitude": 0.25 },
					{ "type": "smooth", "scale": 16, "amplitude": 0.25 },
					{ "type": "smooth", "scale":  8, "amplitude": 0.25 },
					{ "type": "smooth", "scale":  4, "amplitude": 0.25 }
				]
			}
		},
		"entries": [
			{
				"weight": 50.0,
				"restrictions": {
					"type": "script",
					"script": "unmixSmooth(8.0L, 0.0L, world_traits.`bigglobe:exact_surface_y`)"
				},
			
				"under": {
					"place": "minecraft:sand",
					"replace": [
						"minecraft:sand",
						"bigglobe:overgrown_sand"
					]
				},
			
				"radius": { "type": "uniform", "min": 6.0, "max": 8.0 },
				"state": {
					"place": ["farmersdelight:wild_beetroots", "farmersdelight:sandy_shrub"]
				}
			},

			{
				"weight": 50.0,
				"restrictions": {

					"type": "and",
					"restrictions": [
						{
							"type": "script",
							"script": "unmixSmooth(8.0L, 0.0L, world_traits.`bigglobe:exact_surface_y`)"
						},
						{
							"type": "threshold",
							"property": "bigglobe:overworld/surface_temperature",
							"min": -0.4,
							"max":  0.4,
							"smooth_max": false
						}
					]
				},
			
				"under": {
					"place": "minecraft:sand",
					"replace": [
						"minecraft:sand",
						"bigglobe:overgrown_sand"
					]
				},
			
				"radius": { "type": "uniform", "min": 6.0, "max": 8.0 },
				"state": {
					"place": ["farmersdelight:wild_cabbages", "farmersdelight:sandy_shrub"]
				}
			}
		]
	}
}