{
	"type": "bigglobe:flower",
	"config": {
		"seed": "farmersdelight_cold_crops",
		"distance": 32.0,
		"variation": 32.0,
		"spawn_chance": 1.0,
		"randomize_chance": 0.0,
		"randomize_radius": { "type": "uniform", "min": 24.0, "max": 48.0 },
		"noise": {
			"type": "abs",
			"grid": {
				"type": "sum",
				"layers": [
					{ "type": "smooth", "scale": 32, "amplitude": 0.25 },
					{ "type": "smooth", "scale": 16, "amplitude": 0.25 },
					{ "type": "smooth", "scale":  8, "amplitude": 0.25 },
					{ "type": "smooth", "scale":  4, "amplitude": 0.25 }
				]
			}
		},
		"entries": [

			{
				"weight": 100.0,
				"restrictions": {
					"type": "and",
					"restrictions": [
						{
							"type": "threshold",
							"property": "bigglobe:overworld/hilliness",
							"min": 0.5,
							"max": 0.0,
							"smooth_max": false
						},
						{
							"type": "script",
							"script": "sqrt(world_traits.`bigglobe:snow_chance`)"
						},
						{
							"type": "threshold",
							"property": "bigglobe:overworld/height_adjusted_foliage",
							"min": -0.5,
							"max":  0.0
						}
					]
				},

				"radius": { "type": "uniform", "min": 8.0, "max": 10.0 },
				"state": {
					"place": ["farmersdelight:wild_potatoes", "minecraft:fern"],
					"replace": ["minecraft:air"]
				}
				
			}

		]
	}
}