{
	"type": "bigglobe:flower",
	"config": {
		"seed": "farmersdelight_dirtcrops",
		"distance": 32.0,
		"variation": 32.0,
		"spawn_chance": 0.125,
		"randomize_chance": 0.0,
		"randomize_radius": { "type": "uniform", "min": 24.0, "max": 48.0 },
		"noise": {
			"type": "abs",
			"grid": {
				"type": "sum",
				"layers": [
					{ "type": "smooth", "scale": 32, "amplitude": 0.25 },
					{ "type": "smooth", "scale": 16, "amplitude": 0.25 },
					{ "type": "smooth", "scale":  8, "amplitude": 0.25 },
					{ "type": "smooth", "scale":  4, "amplitude": 0.25 }
				]
			}
		},
		"entries": [

			{
				"weight": 55.0,
				"restrictions": {
					"type": "and",
					"restrictions": [
						{
							"type": "threshold",
							"property": "bigglobe:overworld/surface_temperature",
							"min": -0.4,
							"max":  0.4,
							"smooth_max": false
						},
						{
							"type": "threshold",
							"property": "bigglobe:overworld/hilliness",
							"min": 0.5,
							"max": 0.0,
							"smooth_max": false
						},
						{
							"type": "threshold",
							"property": "bigglobe:overworld/height_adjusted_foliage",
							"min": -0.5,
							"max":  0.0
						}
					]
				},

				"under": {
					"place": "minecraft:coarse_dirt",
					"replace": [
						"minecraft:grass_block",
						"minecraft:dirt",
						"minecraft:sand",
						"minecraft:podzol"
					]
				},

				"radius": { "type": "uniform", "min": 8.0, "max": 10.0 },
				"state": {
					"place": ["farmersdelight:wild_carrots", "bigglobe:short_grass"]
				}
				
			},

			{
				"weight": 45.0,
				"restrictions": {
					"type": "and",
					"restrictions": [

						{
							"type": "threshold",
							"property": "bigglobe:overworld/surface_temperature",
							"min": -0.4,
							"max": 0.4,
							"smooth_max": false
						},
						{
							"type": "threshold",
							"property": "bigglobe:overworld/hilliness",
							"min": 0.5,
							"max": 0.0,
							"smooth_max": false
						},
						{
							"type": "threshold",
							"property": "bigglobe:overworld/height_adjusted_foliage",
							"min": -0.5,
							"max":  0.0
						}
					]
				},

				"under": {
					"place": "minecraft:grass_block[snowy=false]",
					"replace": [
						"minecraft:grass_block",
						"minecraft:dirt",
						"minecraft:sand",
						"minecraft:podzol"
					]
				},

				"radius": { "type": "uniform", "min": 8.0, "max": 16.0 },
				"state": {
					"place": ["farmersdelight:wild_onions", "minecraft:allium"]
				}
			}

		]
	}
}