{
	"script": [
		";V4.5.0 of big globe typo's some things in this file and I never tested it.",
		";luckily, data packs can just overwrite it. it'll be fixed in the next version.",
		"double depth = `bigglobe:approximate_distance_below_surface` / delay",
		"double scale = (2.0L * peak) / (2.0L * peak - limit)",
		"double rampUp = 1.0L - exp2(-depth)",
		"double taperOut = mixLinear(limit / peak, 2.0L, exp2(scale * (1.0L - depth)))",
		"return(rampUp * taperOut * peak)"
	],
	"inputs": [
		{ "name": "delay", "type": "double" },
		{ "name": "peak",  "type": "double" },
		{ "name": "limit", "type": "double" }
	]
}