{
	"type": "bigglobe:ore",
	"config": {
		"seed": "iridium",
		"blocks": {
			"minecraft:stone": "modern_industrialization:iridium_ore",
			"minecraft:cobblestone": "modern_industrialization:iridium_ore",
			"minecraft:andesite": "modern_industrialization:iridium_ore",
			"minecraft:polished_andesite": "modern_industrialization:iridium_ore",
			"minecraft:diorite": "modern_industrialization:iridium_ore",
			"minecraft:polished_diorite": "modern_industrialization:iridium_ore",
			"minecraft:granite": "modern_industrialization:iridium_ore",
			"minecraft:polished_granite": "modern_industrialization:iridium_ore",
			"minecraft:deepslate": "modern_industrialization:deepslate_iridium_ore"
		},
		"chance": {
			"template": "bigglobe:ores/gaussian_absolute",
			"inputs": {
				"depth": "-512.0L",
				"deviation": "16.0L",
				"peak": "1.0L",
				"limit": "0.0L"
			}
		},
		"radius": 1.0
	}
}