{
	"type": "bigglobe:ore",
	"config": {
		"seed": "lignite_coal",
		"blocks": {
			"minecraft:stone": "modern_industrialization:lignite_coal_ore",
			"minecraft:cobblestone": "modern_industrialization:lignite_coal_ore",
			"minecraft:andesite": "modern_industrialization:lignite_coal_ore",
			"minecraft:polished_andesite": "modern_industrialization:lignite_coal_ore",
			"minecraft:diorite": "modern_industrialization:lignite_coal_ore",
			"minecraft:polished_diorite": "modern_industrialization:lignite_coal_ore",
			"minecraft:granite": "modern_industrialization:lignite_coal_ore",
			"minecraft:polished_granite": "modern_industrialization:lignite_coal_ore",
			"minecraft:deepslate": "modern_industrialization:deepslate_lignite_coal_ore"
		},
		"chance": "1.0L",
		"radius": {
			"type": "average",
			"min": 3.0,
			"max": 12.0,
			"average": 4.0
		}
	}
}