{
	"type": "bigglobe:ore",
	"config": {
		"seed": "monazite",
		"blocks": {
			"minecraft:stone": "modern_industrialization:monazite_ore",
			"minecraft:cobblestone": "modern_industrialization:monazite_ore",
			"minecraft:andesite": "modern_industrialization:monazite_ore",
			"minecraft:polished_andesite": "modern_industrialization:monazite_ore",
			"minecraft:diorite": "modern_industrialization:monazite_ore",
			"minecraft:polished_diorite": "modern_industrialization:monazite_ore",
			"minecraft:granite": "modern_industrialization:monazite_ore",
			"minecraft:polished_granite": "modern_industrialization:monazite_ore",
			"minecraft:deepslate": "modern_industrialization:deepslate_monazite_ore"
		},
		"chance": {
			"template": "bigglobe:ores/gaussian_absolute",
			"inputs": {
				"depth": "-768.0L",
				"deviation": "64.0L",
				"peak": "0.25L",
				"limit": "0.0L"
			}
		},
		"radius": {
			"type": "average",
			"min": 1.5,
			"max": 4.0,
			"average": 2.5
		}
	}
}