{
	"type": "bigglobe:ore",
	"config": {
		"seed": "salt",
		"blocks": {
			"minecraft:stone": "modern_industrialization:salt_ore",
			"minecraft:cobblestone": "modern_industrialization:salt_ore",
			"minecraft:andesite": "modern_industrialization:salt_ore",
			"minecraft:polished_andesite": "modern_industrialization:salt_ore",
			"minecraft:diorite": "modern_industrialization:salt_ore",
			"minecraft:polished_diorite": "modern_industrialization:salt_ore",
			"minecraft:granite": "modern_industrialization:salt_ore",
			"minecraft:polished_granite": "modern_industrialization:salt_ore",
			"minecraft:deepslate": "modern_industrialization:deepslate_salt_ore"
		},
		"chance": [
			"sqrt(",
			"unmixLinear(",
			"world_traits.`bigglobe:sea_level`,",
			"world_traits.`bigglobe:min_y`,",
			"world_traits.`bigglobe:approximate_surface_y`",
			")",
			")",
			"- `bigglobe:approximate_distance_below_surface` / 1024.0L"
		],
		"radius": {
			"type": "average",
			"min": 3.0,
			"max": 8.0,
			"average": 4.0
		}
	}
}