{
	"type": "bigglobe:ore",
	"config": {
		"seed": "tungsten",
		"blocks": {
			"minecraft:stone": "modern_industrialization:tungsten_ore",
			"minecraft:cobblestone": "modern_industrialization:tungsten_ore",
			"minecraft:andesite": "modern_industrialization:tungsten_ore",
			"minecraft:polished_andesite": "modern_industrialization:tungsten_ore",
			"minecraft:diorite": "modern_industrialization:tungsten_ore",
			"minecraft:polished_diorite": "modern_industrialization:tungsten_ore",
			"minecraft:granite": "modern_industrialization:tungsten_ore",
			"minecraft:polished_granite": "modern_industrialization:tungsten_ore",
			"minecraft:deepslate": "modern_industrialization:deepslate_tungsten_ore"
		},
		"chance": {
			"template": "bigglobe:ores/gaussian_absolute",
			"inputs": {
				"depth": "-768.0L",
				"deviation": "64.0L",
				"peak": "0.5L",
				"limit": "0.0L"
			}
		},
		"radius": {
			"type": "average",
			"min": 2.0,
			"max": 6.0,
			"average": 3.0
		}
	}
}