{
	"type": "bigglobe:natural_tree",
	"config": {
		"palette": "bigglobe_ars:purple_archwood",
		"height": "random.nextDouble() * max(`bigglobe:overworld/surface_foliage`, 0.0I) * 24.0 + 6.0",
		"trunk": {
			"type": "bigglobe:straight",
			"thickness": "mixLinear(max(height * 0.125L, minThickness), minThickness, fraction)",
			"require_natural_ground": true,
			"can_generate_in_liquid": false
		},
		"branches": {
			"start_frac_y": { "type": "uniform", "min": 0.5, "max": 0.75 },
			"count_per_layer": { "type": "uniform", "min": 4.0, "max": 8.0 },
			"length_function": "fraction ^ 2 * random.nextDouble(1.0, 1.5)",
			"height_function": "-0.25 * fraction ^ 2"
		},
		"decorations": {
			"trunk": [
				{ "type": "bigglobe:drooping_leaves", "is_trunk": true },
				{ "type": "bigglobe:adjacent_leaf", "chance": 0.5 },
				{ "type": "bigglobe:stubby_branch", "chance": 0.125 },
				{ "type": "bigglobe:feature", "feature": "bigglobe_ars:overworld/trees/decorators/bastion_pod_eighth_chance" }
			],
			"branches": [
				{ "type": "bigglobe:drooping_leaves", "is_trunk": false },
				{ "type": "bigglobe:feature", "feature": "bigglobe_ars:overworld/trees/decorators/bastion_pod_eighth_chance" }
			]
		},
		"ground_replacements": {
			"minecraft:grass_block":     "minecraft:dirt",
			"minecraft:podzol":          "minecraft:dirt",
			"bigglobe:overgrown_podzol": "minecraft:dirt",
			"minecraft:farmland":        "minecraft:dirt",
			"minecraft:coarse_dirt":     "minecraft:coarse_dirt",
			"minecraft:rooted_dirt":     "minecraft:rooted_dirt",
			"minecraft:sand":            "minecraft:sand",
			"minecraft:red_sand":        "minecraft:red_sand",
			"bigglobe:overgrown_sand":   "minecraft:sand"
		}
	}
}