{
    "type": "bigglobe:ore",
    "config": {
        "seed": "silver",
        "blocks": {
            "minecraft:stone": "immersiveengineering:ore_silver",
            "minecraft:cobblestone": "immersiveengineering:ore_silver",
            "minecraft:andesite": "immersiveengineering:ore_silver",
            "minecraft:polished_andesite": "immersiveengineering:ore_silver",
            "minecraft:diorite": "immersiveengineering:ore_silver",
            "minecraft:polished_diorite": "immersiveengineering:ore_silver",
            "minecraft:granite": "immersiveengineering:ore_silver",
            "minecraft:polished_granite": "immersiveengineering:ore_silver",
            "minecraft:deepslate": "immersiveengineering:deepslate_ore_silver"
        },
        "chance": {
            "template": "bigglobe:ores/exponential",
            "inputs": {
                "delay": "512.0L",
                "peak": "0.25L",
                "limit": "0.25L"
            }
        },
        "radius": {
            "type": "average",
            "min": 2.0,
            "max": 6.0,
            "average": 3.0
        }
    }
}