{
    "type": "bigglobe:ore",
    "config": {
        "seed": "fluorite",
        "blocks": {
            "minecraft:stone": "mekanism:fluorite_ore",
            "minecraft:cobblestone": "mekanism:fluorite_ore",
            "minecraft:andesite": "mekanism:fluorite_ore",
            "minecraft:polished_andesite": "mekanism:fluorite_ore",
            "minecraft:diorite": "mekanism:fluorite_ore",
            "minecraft:polished_diorite": "mekanism:fluorite_ore",
            "minecraft:granite": "mekanism:fluorite_ore",
            "minecraft:polished_granite": "mekanism:fluorite_ore",
            "minecraft:deepslate": "mekanism:deepslate_fluorite_ore"
        },
        "chance": [
            "double line = unmixLinear(256.0L, 512.0L, `bigglobe:approximate_distance_below_surface`)",
            "double curve = 1.0L - fastExp(-line)",
            "return(curve * 0.25L)"
        ],
        "radius": {
            "type": "average",
            "min": 1,
            "max": 8,
            "average": 2
        }
    }
}