{
    "type": "bigglobe:ore",
    "config": {
        "seed": "osmium",
        "blocks": {
            "minecraft:stone": "mekanism:osmium_ore",
            "minecraft:cobblestone": "mekanism:osmium_ore",
            "minecraft:andesite": "mekanism:osmium_ore",
            "minecraft:polished_andesite": "mekanism:osmium_ore",
            "minecraft:diorite": "mekanism:osmium_ore",
            "minecraft:polished_diorite": "mekanism:osmium_ore",
            "minecraft:granite": "mekanism:osmium_ore",
            "minecraft:polished_granite": "mekanism:osmium_ore",
            "minecraft:deepslate": "mekanism:deepslate_osmium_ore"
        },
        "chance": {
            "template": "bigglobe:ores/ramp_up_taper_out_1",
            "inputs": {
                "delay": "128.0L",
                "peak": "1.0L",
                "limit": "0.25L"
            }
        },
        "radius": {
            "type": "average",
            "min": 2.5,
            "max": 8.0,
            "average": 3.5
        }
    }
}