{
    "type": "bigglobe:ore",
    "config": {
        "seed": "salt",
        "blocks": {
            "minecraft:stone": "mekanism:salt",
            "minecraft:cobblestone": "mekanism:salt",
            "minecraft:andesite": "mekanism:salt",
            "minecraft:polished_andesite": "mekanism:salt",
            "minecraft:diorite": "mekanism:salt",
            "minecraft:polished_diorite": "mekanism:salt",
            "minecraft:granite": "mekanism:salt",
            "minecraft:polished_granite": "mekanism:salt"
        },
        "chance": [
            "sqrt(",
            "unmixLinear(",
            "world_traits.`bigglobe:sea_level`,",
            "world_traits.`bigglobe:min_y`,",
            "world_traits.`bigglobe:approximate_surface_y`",
            ")",
            ")",
            "- `bigglobe:approximate_distance_below_surface` / 1024.0L"
        ],
        "radius": {
            "type": "average",
            "min": 3.0,
            "max": 8.0,
            "average": 4.0
        }
    }
}