{
	"type": "bigglobe:scripted_ore",
	"config": {
		"seed": "gtceu:banded_iron",
		"replacer_script": [
			"if (oldState ==. 'minecraft:netherrack':",
             "return(",
              "blockSeed.switch (",
               "'minecraft:netherrack',",
			   "'minecraft:netherrack',",
			   "'minecraft:netherrack',",
			   "'minecraft:netherrack',",
			   "'minecraft:netherrack',",
			   "'minecraft:netherrack',",
			   "'gtceu:netherrack_goethite_ore',",
			   "'gtceu:netherrack_goethite_ore',",
			   "'gtceu:netherrack_goethite_ore',",
			   "'gtceu:netherrack_yellow_limonite_ore',",
			   "'gtceu:netherrack_yellow_limonite_ore',",
			   "'gtceu:netherrack_hematite_ore',",
			   "'gtceu:netherrack_hematite_ore',",
			   "'gtceu:netherrack_gold_ore'",
			   ")",
              ")",
            ")",
            "else (",
             "return(oldState)",
			")"
		],
		"chance":[
			"double a = -0.0028L",
			"double b = 1.4479L",
			"double c = -163L",
			"double chan = 22.72321L",
			"double h = y",
			"double chance = h^2.0L*(a)+h*(b)+(c)",
			"return(chance / (chan*2L))"
		],
		"radius": {
			"type": "average",
			"min": 2.0,
			"max": 8.0,
			"average": 5.0
		}
	}
}