{
	"type": "bigglobe:scripted_ore",
	"config": {
		"seed": "gtceu:molybdenum",
		"replacer_script": [
			"if (oldState ==. 'minecraft:netherrack':",
             "return(",
              "blockSeed.switch (",
               "'minecraft:netherrack',",
			   "'minecraft:netherrack',",
			   "'minecraft:netherrack',",
			   "'minecraft:netherrack',",
			   "'minecraft:netherrack',",
			   "'minecraft:netherrack',",
			   "'gtceu:netherrack_wulfenite_ore',",
			   "'gtceu:netherrack_wulfenite_ore',",
			   "'gtceu:netherrack_wulfenite_ore',",
			   "'gtceu:netherrack_molybdenite_ore',",
			   "'gtceu:netherrack_molybdenite_ore',",
			   "'gtceu:netherrack_molybdenum_ore',",
			   "'gtceu:netherrack_powellite_ore'",
			   ")",
              ")",
            ")",
            "else (",
             "return(oldState)",
			")"
		],
		"chance":[
			"double a = -0.0012L",
			"double b = 0.72L",
			"double c = -89.5L",
			"double chan = 18.5L",
			"double h = y",
			"double chance = h^2.0L*(a)+h*(b)+(c)",
			"return(chance / (chan*16L))"
		],
		"radius": {
			"type": "average",
			"min": 2.0,
			"max": 8.0,
			"average": 5.0
		}
	}
}