{
	"type": "bigglobe:scripted_ore",
	"config": {
		"seed": "gtceu:saltpeter",
		"replacer_script": [
			"if (oldState ==. 'minecraft:netherrack':",
             "return(",
              "blockSeed.switch (",
               "'minecraft:netherrack',",
			   "'minecraft:netherrack',",
			   "'minecraft:netherrack',",
			   "'minecraft:netherrack',",
			   "'minecraft:netherrack',",
			   "'minecraft:netherrack',",
			   "'gtceu:netherrack_saltpeter_ore',",
			   "'gtceu:netherrack_saltpeter_ore',",
			   "'gtceu:netherrack_saltpeter_ore',",
			   "'gtceu:netherrack_diatomite_ore',",
			   "'gtceu:netherrack_diatomite_ore',",
			   "'gtceu:netherrack_electrotine_ore',",
			   "'gtceu:netherrack_electrotine_ore',",
			   "'gtceu:netherrack_alunite_ore'",
			   ")",
              ")",
            ")",
            "else (",
             "return(oldState)",
			")"
		],
		"chance":[
			"double a = -0.0009L",
			"double b = 0.347L",
			"double c = -13.8L",
			"double chan = 19.64694L",
			"double h = y",
			"double chance = h^2.0L*(a)+h*(b)+(c)",
			"return(chance / (chan*16L))"
		],
		"radius": {
			"type": "average",
			"min": 2.0,
			"max": 8.0,
			"average": 5.0
		}
	}
}