{
	"type": "bigglobe:scripted_ore",
	"config": {
		"seed": "gtceu:sulfur",
		"replacer_script": [
			"if (oldState ==. 'minecraft:netherrack':",
             "return(",
              "blockSeed.switch (",
               "'minecraft:netherrack',",
			   "'minecraft:netherrack',",
			   "'minecraft:netherrack',",
			   "'minecraft:netherrack',",
			   "'minecraft:netherrack',",
			   "'minecraft:netherrack',",
			   "'gtceu:netherrack_sulfur_ore',",
			   "'gtceu:netherrack_sulfur_ore',",
			   "'gtceu:netherrack_sulfur_ore',",
			   "'gtceu:netherrack_pyrite_ore',",
			   "'gtceu:netherrack_pyrite_ore',",
			   "'gtceu:netherrack_sphalerite_ore'",
			   ")",
              ")",
            ")",
            "else (",
             "return(oldState)",
			")"
		],
		"chance":[
			"double a = -0.0027L",
			"double b = 0.92L",
			"double c = -59L",
			"double chan = 19.37037L",
			"double h = y",
			"double chance = h^2.0L*(a)+h*(b)+(c)",
			"return(chance / (chan*16L))"
		],
		"radius": {
			"type": "average",
			"min": 2.0,
			"max": 8.0,
			"average": 5.0
		}
	}
}