{
	"type": "bigglobe:flower",
	"config": {
		"seed": "ars_bushes",
		"distance": 64,
		"variation": 64,
		"spawn_chance": 0.125,
		"randomize_chance": 0.125,
		"randomize_radius": { "type": "uniform", "min": 16.0, "max": 32.0 },
		"noise": {
			"type": "abs",
			"grid": {
				"type": "sum",
				"layers": [
					{ "type": "smooth", "scale": 32, "amplitude": 0.25 },
					{ "type": "smooth", "scale": 16, "amplitude": 0.25 },
					{ "type": "smooth", "scale":  8, "amplitude": 0.25 },
					{ "type": "smooth", "scale":  4, "amplitude": 0.25 }
				]
			}
		},
		"entries": {
			"radius": { "type": "uniform", "min": 16.0, "max": 32.0 },
			"restrictions": {
				"type": "and",
				"restrictions": [
					{
						"type": "threshold",
						"property": "bigglobe:overworld/height_adjusted_foliage",
						"min": 0.0,
						"max": 0.5
					},
					{
						"type": "range",
						"property": "bigglobe:overworld/height_adjusted_temperature",
						"min": -0.5,
						"mid":  0.0,
						"max":  0.5
					}
				]
			},
			"weight": 10.0,
			"state": "ars_nouveau:sourceberry_bush"
		}
	}
}