{
	"placement": {
		"type": "minecraft:random_spread",
		"salt": 399125,
		"separation": 12,
		"spacing": 20,
		"exclusion_zone": {
			"other_set": "bigglobe_incendium:greater_structures",
			"chunk_count": 10
		}
	},
	"structures": [
		{ "weight": 3, "structure": "bigglobe_incendium:abandoned_tower" },
		{ "weight": 2, "structure": "bigglobe_incendium:infernal_altar" },
		{ "weight": 2, "structure": "bigglobe_incendium:piglin_village" },
		{ "weight": 2, "structure": "bigglobe_incendium:pipeline" },
		{ "weight": 2, "structure": "bigglobe_incendium:quartz_kitchen" },
		{ "weight": 4, "structure": "bigglobe_incendium:ruined_lab" }
	]
}