{
    "type": "bigglobe:ore",
    "config": {
        "seed": "yellorite",
        "blocks": {
            "minecraft:stone": "bigreactors:yellorite_ore",
            "minecraft:cobblestone": "bigreactors:yellorite_ore",
            "minecraft:andesite": "bigreactors:yellorite_ore",
            "minecraft:polished_andesite": "bigreactors:yellorite_ore",
            "minecraft:diorite": "bigreactors:yellorite_ore",
            "minecraft:polished_diorite": "bigreactors:yellorite_ore",
            "minecraft:granite": "bigreactors:yellorite_ore",
            "minecraft:polished_granite": "bigreactors:yellorite_ore",
            "minecraft:deepslate": "bigreactors:deepslate_yellorite_ore"
        },
        "chance": {
            "template": "bigglobe:ores/exponential",
            "inputs": {
                "delay": "512.0L",
                "peak": "0.75L",
                "limit": "0.25L"
            }
        },
        "radius": {
            "type": "average",
            "min": 3,
            "max": 8,
            "average": 4
        }
    }
}