{
	"type": "bigglobe:script",
	"biomes": "#bigglobe_ae:has_structure/meteor",
	"spawn_overrides": {},
	"step": "surface_structures",
	"layout": [
		"double centerY = world_traits.`bigglobe:approximate_surface_y`",
		"int verticalRadius = random.nextInt(4, 17)",
		"int innerHorizontalRadius = verticalRadius << 2",
		"int outerHorizontalRadius = innerHorizontalRadius << 1 - 16",
		"for (int angleIndex in range[0, 16):",
			"double angle = angleIndex * (tau / 16.0L)",
			"int sampleX = floorInt(originX + cos(angle) * innerHorizontalRadius)",
			"int sampleZ = floorInt(originZ + sin(angle) * innerHorizontalRadius)",
			"centerY = min(centerY, world_traits.`bigglobe:approximate_surface_y`(sampleX, sampleZ))",
		")",
		"pieces.add(",
			"ScriptStructurePiece.new(",
				"originX - outerHorizontalRadius,",
				"floorInt(centerY) - innerHorizontalRadius - verticalRadius,",
				"originZ - outerHorizontalRadius,",
				"originX + outerHorizontalRadius,",
				"floorInt(centerY) - innerHorizontalRadius + verticalRadius,",
				"originZ + outerHorizontalRadius,",
				"'bigglobe_ae:meteor',",
				"nbtCompound()",
			")",
		")"
	]
}