{
	"type": "bigglobe:rock_layer",
	"config": {
		"seed": "gtceu:oil",
		"repeat": 128,
		"entries": {
			"weight": 1,
			"center": {
				"type": "worley",
				"amplitude": 16,
				"scale": 256
			},
			"thickness": {
				"type": "worley",
				"amplitude": 16,
				"scale": 256
			},
			"blocks": {
				"minecraft:stone": "gtceu:oil",
				"minecraft:cobblestone": "gtceu:oil",
				"minecraft:deepslate": "gtceu:oil",
				"minecraft:cobbled_deepslate": "gtceu:oil"
			},
			"restrictions": {
				"type": "script",
				"script": [
					"double a = -0.045L",
					"double b = -48.2L",
					"double c = -12852L",
					"double h = y",
					"double chance = h^2.0L*(a)+h*(b)+(c)",
					"return(chance/54.88889*1.1)"
				]
			}
		}
	}
}