{
	"type": "bigglobe:ore",
	"config": {
		"seed": "bauxite",
		"blocks": {
			"minecraft:stone":             "immersiveengineering:ore_aluminum",
			"minecraft:cobblestone":       "immersiveengineering:ore_aluminum",
			"minecraft:andesite":          "immersiveengineering:ore_aluminum",
			"minecraft:polished_andesite": "immersiveengineering:ore_aluminum",
			"minecraft:diorite":           "immersiveengineering:ore_aluminum",
			"minecraft:polished_diorite":  "immersiveengineering:ore_aluminum",
			"minecraft:granite":           "immersiveengineering:ore_aluminum",
			"minecraft:polished_granite":  "immersiveengineering:ore_aluminum",
			"minecraft:deepslate":         "immersiveengineering:deepslate_ore_aluminum"
		},
		"chance": "0.75L",
		"radius": {
			"type": "average",
			"min": 2.5,
			"max": 6.0,
			"average": 4.25
		}
	}
}