{
	"type": "bigglobe:ore",
	"config": {
		"seed": "uranium",
		"blocks": {
			"minecraft:stone":             "immersiveengineering:ore_uranium",
			"minecraft:cobblestone":       "immersiveengineering:ore_uranium",
			"minecraft:andesite":          "immersiveengineering:ore_uranium",
			"minecraft:polished_andesite": "immersiveengineering:ore_uranium",
			"minecraft:diorite":           "immersiveengineering:ore_uranium",
			"minecraft:polished_diorite":  "immersiveengineering:ore_uranium",
			"minecraft:granite":           "immersiveengineering:ore_uranium",
			"minecraft:polished_granite":  "immersiveengineering:ore_uranium",
			"minecraft:deepslate":         "immersiveengineering:deepslate_ore_uranium"
		},
		"chance": {
			"template": "bigglobe:ores/exponential",
			"inputs": {
				"delay": "512.0L",
				"peak":  "1.0L",
				"limit": "0.0L"
			}
		},
		"radius": {
			"type": "average",
			"min": 1,
			"max": 4.0,
			"average": 2.5
		}
	}
}