{
	"type": "bigglobe:ore",
	"config": {
		"seed": "tin",
		"blocks": {
			"minecraft:stone": "modern_industrialization:tin_ore",
			"minecraft:cobblestone": "modern_industrialization:tin_ore",
			"minecraft:andesite": "modern_industrialization:tin_ore",
			"minecraft:polished_andesite": "modern_industrialization:tin_ore",
			"minecraft:diorite": "modern_industrialization:tin_ore",
			"minecraft:polished_diorite": "modern_industrialization:tin_ore",
			"minecraft:granite": "modern_industrialization:tin_ore",
			"minecraft:polished_granite": "modern_industrialization:tin_ore",
			"minecraft:deepslate": "modern_industrialization:deepslate_tin_ore"
		},
		"chance": {
			"template": "bigglobe:ores/ramp_up_taper_out_1",
			"inputs": {
				"delay": "128.0L",
				"peak": "1.0L",
				"limit": "0.25L"
			}
		},
		"radius": {
			"type": "average",
			"min": 2.5,
			"max": 8.0,
			"average": 3.5
		}
	}
}