{
	"type": "bigglobe:ore",
	"config": {
		"seed": "modern_industrialization:uranium",
		"blocks": {
			"minecraft:stone": "modern_industrialization:uranium_ore",
			"minecraft:cobblestone": "modern_industrialization:uranium_ore",
			"minecraft:andesite": "modern_industrialization:uranium_ore",
			"minecraft:polished_andesite": "modern_industrialization:uranium_ore",
			"minecraft:diorite": "modern_industrialization:uranium_ore",
			"minecraft:polished_diorite": "modern_industrialization:uranium_ore",
			"minecraft:granite": "modern_industrialization:uranium_ore",
			"minecraft:polished_granite": "modern_industrialization:uranium_ore",
			"minecraft:deepslate": "modern_industrialization:deepslate_uranium_ore"
		},
		"chance": "0.25L / (exp((512.0L - `bigglobe:approximate_distance_below_surface`) * 0.015625L) + 1.0L)",
		"radius": {
			"type": "average",
			"min": 1.5,
			"max": 4.0,
			"average": 2.5
		}
	}
}