{
	"placement": {
		"type": "minecraft:random_spread",
		"salt": 123,
		"separation": 15,
		"spacing": 50
	},
	"structures": [
		{ "weight": 1, "structure": "bigglobe_dnt:firewatch_tower_birch" },
		{ "weight": 1, "structure": "bigglobe_dnt:firewatch_tower_cherry" },
		{ "weight": 1, "structure": "bigglobe_dnt:firewatch_tower_dark_oak" },
		{ "weight": 1, "structure": "bigglobe_dnt:firewatch_tower_forest" },
		{ "weight": 1, "structure": "bigglobe_dnt:firewatch_tower_jungle" },
		{ "weight": 1, "structure": "bigglobe_dnt:firewatch_tower_mangrove" },
		{ "weight": 1, "structure": "bigglobe_dnt:firewatch_tower_savanna" },
		{ "weight": 1, "structure": "bigglobe_dnt:firewatch_tower_swamp" },
		{ "weight": 1, "structure": "bigglobe_dnt:firewatch_tower_taiga" }
	]
}