{
			"type": "bigglobe:nether",
			"generator": {
				"type": "bigglobe:scripted",
				"reload_dimension": "minecraft:the_nether",
				"height": {
					"min_y": 0,
					"max_y": 1024
				},
				"nether_overrides": {
					"place_portal_at_high_y_level": true
				},
				"creaking_overrides": {
					"time_reference": "minecraft:overworld"
				},
				"world_traits": "bigglobe:nether",
				"layer": {
					"state": "`bigglobe:nether/bubble`.filler",
					"children": [
						{
							"type": "simple_3d",
							"state": "'minecraft:air'",
							"condition": "`bigglobe:nether/bubble`.noise(y) < 0.5I",
							"valid": {
								"min_y": "`bigglobe:nether/min_y` + 16",
								"max_y": "`bigglobe:nether/max_y` - 16"
							},
							"before_children": {
								"file": "bigglobe:world_preset/nether_surface_placement"
							},
							"children": [
								{
									"type": "simple_2d",
									"state": "`bigglobe:nether/bubble`.lava_fluid",
									"valid": {
										"min_y": "`bigglobe:nether/min_y`",
										"max_y": "world_traits.`bigglobe:lava_y`"
									}
								}
							]
						}
					]
				},
				"feature_dispatcher": {
					"rock_replacers": [
						"bigglobe:nether/lower_bedrock",
						"bigglobe:nether/upper_bedrock",
						"#bigglobe:nether/rock_layers",
						"#bigglobe:nether/ores"
					],
					"raw": "bigglobe:nether/raw_root",
					"normal": "bigglobe:nether/normal_root"
				},
				"biome_source": {
					"type": "bigglobe:scripted",
					"script": "`bigglobe:nether/bubble`.biome",
					"all_possible_biomes": "#bigglobe:nether"
				},
				"overriders": "#bigglobe:nether"
			}
}