{
	"type": "bigglobe:geode",
	"biomes": "#bigglobe_ae:has_structure/certus_quartz_geode",
	"spawn_overrides": {
		"ambient":                    { "bounding_box": "full", "spawns": [] },
		"axolotls":                   { "bounding_box": "full", "spawns": [] },
		"creature":                   { "bounding_box": "full", "spawns": [] },
		"misc":                       { "bounding_box": "full", "spawns": [] },
		"monster":                    { "bounding_box": "full", "spawns": [] },
		"underground_water_creature": { "bounding_box": "full", "spawns": [] },
		"water_ambient":              { "bounding_box": "full", "spawns": [] },
		"water_creature":             { "bounding_box": "full", "spawns": [] }
	},
	"step": "raw_generation",
	"surface_y": "world_traits.`bigglobe:y_level_in_surface`",
	"noise": {
		"type": "sum",
		"layers": [
			{ "type": "constant", "value": 32.0 },
			{ "type": "smooth", "scaleX": 32, "scaleY": 32, "scaleZ": 32, "amplitude": 16.0 },
			{ "type": "smooth", "scaleX": 16, "scaleY": 16, "scaleZ": 16, "amplitude":  8.0 },
			{ "type": "smooth", "scaleX":  8, "scaleY":  8, "scaleZ":  8, "amplitude":  4.0 },
			{ "type": "smooth", "scaleX":  4, "scaleY":  4, "scaleZ":  4, "amplitude":  2.0 },
			{ "type": "linear", "scaleX":  2, "scaleY":  2, "scaleZ":  2, "amplitude":  1.0 }
		]
	},
	"radius": { "type": "uniform", "min": 32.0, "max": 64.0 },
	"blocks": [
		{ "threshold": 4.0, "states": "minecraft:smooth_basalt" },
		{ "threshold": 8.0, "states": "minecraft:calcite" },
		{
			"threshold": 12.0,
			"states": [
				{ "weight": 7.0,  "state": "ae2:quartz_block" },
				{ "weight": 0.25, "state": "ae2:flawless_budding_quartz" },
				{ "weight": 0.25, "state": "ae2:flawed_budding_quartz" },
				{ "weight": 0.25, "state": "ae2:chipped_budding_quartz" },
				{ "weight": 0.25, "state": "ae2:damaged_budding_quartz" }
			]
		}
	],
	"spikes": {
		"large_radius": { "type": "uniform",     "min": 2.0,      "max":  4.0   },
		"small_radius": 1.0,
		"length":       { "type": "uniform",     "min": 8.0,      "max": 12.0   },
		"commonness":   { "type": "exponential", "min": 0.015625, "max":  0.125 },
		"crookedness":  { "type": "linear_high", "min": 0.0,      "max":  6.0   }
	},
	"growth": {
		"place": "#bigglobe_ae:quartz_buds",
		"against": [
			"#bigglobe_ae:budding_quartz",
			"ae2:quartz_block"
		]
	},
	"terrain_adaptation": "bury"
}