{
	"type": "bigglobe:scripted_ore",
	"config": {
		"seed": "gtceu:naquadah",
		"replacer_script": [
			"if (oldState ==. 'minecraft:end_stone':",
             "return(",
              "blockSeed.switch (",
               "'minecraft:end_stone',",
			   "'minecraft:end_stone',",
			   "'minecraft:end_stone',",
			   "'minecraft:end_stone',",
			   "'minecraft:end_stone',",
			   "'minecraft:end_stone',",
			   "'gtceu:endstone_naquadah_ore',",
			   "'gtceu:endstone_naquadah_ore',",
			   "'gtceu:endstone_naquadah_ore',",
			   "'gtceu:endstone_naquadah_ore',",
			   "'gtceu:endstone_naquadah_ore',",
			   "'gtceu:endstone_naquadah_ore',",
			   "'gtceu:endstone_naquadah_ore',",
			   "'gtceu:endstone_plutonium_ore'",
			   ")",
              ")",
            ")",
            "else (",
             "return(oldState)",
			")"
		],
		"chance":[
			"return(0.1)"
		],
		"radius": {
			"type": "average",
			"min": 2.0,
			"max": 8.0,
			"average": 5.0
		}
	}
}