{
	"type": "bigglobe:scripted_ore",
	"config": {
		"seed": "gtceu:sheldonite",
		"replacer_script": [
			"if (oldState ==. 'minecraft:end_stone':",
             "return(",
              "blockSeed.switch (",
               "'minecraft:end_stone',",
			   "'minecraft:end_stone',",
			   "'minecraft:end_stone',",
			   "'minecraft:end_stone',",
			   "'minecraft:end_stone',",
			   "'minecraft:end_stone',",
			   "'gtceu:endstone_bornite_ore',",
			   "'gtceu:endstone_bornite_ore',",
			   "'gtceu:endstone_bornite_ore',",
			   "'gtceu:endstone_cooperite_ore',",
			   "'gtceu:endstone_cooperite_ore',",
			   "'gtceu:endstone_platinum_ore',",
			   "'gtceu:endstone_platinum_ore',",
			   "'gtceu:endstone_palladium_ore'",
			   ")",
              ")",
            ")",
            "else (",
             "return(oldState)",
			")"
		],
		"chance":[
			"return(0.1)"
		],
		"radius": {
			"type": "average",
			"min": 2.0,
			"max": 8.0,
			"average": 5.0
		}
	}
}