{
	"type": "bigglobe:natural_tree",
	"config": {
		"delay_generation": true,
		"palette": "bigglobe_incendium:bone",
		"height": "fastExp2(random.nextDouble(1.0, 4.0))",
		"trunk": {
			"type": "bigglobe:twisted",
			"thickness": "mixLinear(max(height * 0.125L, minThickness), minThickness, fraction)",
			"require_natural_ground": false,
			"can_generate_in_liquid": false
		},
		"ground_replacements": {
			"minecraft:crimson_nylium":  "minecraft:netherrack",
			"minecraft:warped_nylium":   "minecraft:netherrack",
			"bigglobe:ashen_netherrack": "minecraft:netherrack",
			"minecraft:netherrack":      "minecraft:netherrack",
			"minecraft:soul_sand":       "minecraft:netherrack",
			"minecraft:soul_soil":       "minecraft:netherrack"
		}
	}
}