{
	"type": "bigglobe:natural_tree",
	"config": {
		"palette": "bigglobe_incendium:withered",
		"height": "fastExp2(random.nextDouble(2.0, 4.0))",
		"trunk": {
			"type": "bigglobe:straight",
			"thickness": "mixLinear(max(height * 0.09375L, minThickness), minThickness, fraction)",
			"require_natural_ground": false,
			"can_generate_in_liquid": false
		},
		"branches": {
			"start_frac_y": { "type": "uniform", "min": 0.5, "max": 0.75 },
			"count_per_layer": { "type": "uniform", "min": 4.0, "max": 8.0 },
			"length_function": "fraction * random.nextDouble(1.5L, 2.0L)",
			"height_function": "-0.25 * fraction ^ 2"
		},
		"decorations": {
			"trunk": [
				{ "type": "bigglobe:random_walk_leaves", "is_trunk": true },
				{ "type": "bigglobe:adjacent_leaf", "chance": 0.25 }
			],
			"branches": [
				{ "type": "bigglobe:random_walk_leaves", "is_trunk": false }
			],
			"leaves": [
				{ "type": "bigglobe:feature", "feature": "bigglobe_incendium:nether/trees/decorators/vines_eighth_chance" }
			]
		},
		"ground_replacements": {
			"minecraft:crimson_nylium":  "minecraft:tuff",
			"minecraft:warped_nylium":   "minecraft:tuff",
			"bigglobe:ashen_netherrack": "minecraft:tuff",
			"minecraft:netherrack":      "minecraft:tuff",
			"minecraft:blackstone":      "minecraft:tuff",
			"minecraft:tuff":      		 "minecraft:tuff",
			"minecraft:soul_sand":       "minecraft:tuff",
			"minecraft:soul_soil":       "minecraft:tuff"
		}
	}
}