{
    "type": "bigglobe:artificial_tree",
    "config": {
        "palette": "bigglobe_integrateddynamics:menril",
        "height": "random.roundInt(baseRadius * 8.0L)",
        "trunk": {
            "type": "bigglobe:straight",
            "thickness": "mixLinear(max(height * 0.125L, minThickness), minThickness, fraction)",
            "require_natural_ground": false,
            "can_generate_in_liquid": false
        },
        "branches": {
            "start_frac_y": {
                "type": "uniform",
                "min": 0.25,
                "max": 0.5
            },
            "count_per_layer": {
                "type": "uniform",
                "min": 2.0,
                "max": 4.0
            },
            "length_function": [
                "double length = fraction * (1.0 - fraction)",
                "length = fraction > 0.5 ? sqrt(length) : length * 2.0",
                "length = length * random.nextDouble(0.5, 1.0)",
                "return(length)"
            ],
            "height_function": [
                "return(fraction * (fraction * -0.5 + 0.5))"
            ]
        },
        "decorations": {
            "trunk": [
                {
                    "type": "bigglobe:scatter_leaves",
                    "is_trunk": true
                }
            ],
            "branches": [
                {
                    "type": "bigglobe:scatter_leaves",
                    "is_trunk": false
                }
            ]
        },
        "ground_replacements": {
            "minecraft:grass_block": "minecraft:dirt",
            "minecraft:podzol": "minecraft:dirt",
            "bigglobe:overgrown_podzol": "minecraft:dirt",
            "minecraft:farmland": "minecraft:dirt",
            "minecraft:coarse_dirt": "minecraft:coarse_dirt",
            "minecraft:rooted_dirt": "minecraft:rooted_dirt",
            "minecraft:sand": "minecraft:sand",
            "minecraft:red_sand": "minecraft:red_sand",
            "bigglobe:overgrown_sand": "minecraft:sand"
        }
    }
}