{
	"weight": 0.25,
	"owner": "bigglobe:nether/bubble",
	"enables": [
		"bigglobe_incendium:nether/bubble/biome_ash_barrens",
		"bigglobe:nether/bubble/cave_width",
		"bigglobe:nether/bubble/cavern_noise_inferno",
		"bigglobe_incendium:nether/bubble/filler_smooth_basalt",
		"bigglobe:nether/bubble/fluid_lava",
		"bigglobe:nether/bubble/lava_level_extra",
		"bigglobe:nether/bubble/noise_inferno",
		"bigglobe:nether/bubble/raw_cave_noise",
		"bigglobe_incendium:nether/bubble/surface_state_smooth_basalt",
		"bigglobe_incendium:nether/bubble/decorator_ash_barrens"
	],
	"exports": {
		"biome": "bigglobe_incendium:nether/bubble/biome_ash_barrens",
		"filler": "bigglobe_incendium:nether/bubble/filler_smooth_basalt",
		"lava_level": "bigglobe:nether/bubble/lava_level_extra",
		"lava_fluid": "bigglobe:nether/bubble/fluid_lava",
		"noise": "bigglobe:nether/bubble/noise_inferno",
		"surface_state": "bigglobe_incendium:nether/bubble/surface_state_smooth_basalt",
		"decorator": "bigglobe_incendium:nether/bubble/decorator_ash_barrens"
	}
}