{
	"weight": 0.25,
	"owner": "bigglobe:nether/bubble",
	"enables": [
		"bigglobe_incendium:nether/bubble/biome_infernal_dunes",
		"bigglobe:nether/bubble/cave_width",
		"bigglobe:nether/bubble/cavern_noise_forest",
		"bigglobe_incendium:nether/bubble/filler_red_sandstone",
		"bigglobe:nether/bubble/fluid_lava",
		"bigglobe:nether/bubble/lava_level_normal",
		"bigglobe:nether/bubble/noise_forest",
		"bigglobe:nether/bubble/raw_cave_noise",
		"bigglobe_incendium:nether/bubble/surface_state_red_sand",
		"bigglobe_incendium:nether/bubble/decorator_infernal_dunes"
	],
	"exports": {
		"biome": "bigglobe_incendium:nether/bubble/biome_infernal_dunes",
		"filler": "bigglobe_incendium:nether/bubble/filler_red_sandstone",
		"lava_level": "bigglobe:nether/bubble/lava_level_normal",
		"lava_fluid": "bigglobe:nether/bubble/fluid_lava",
		"noise": "bigglobe:nether/bubble/noise_forest",
		"surface_state": "bigglobe_incendium:nether/bubble/surface_state_red_sand",
		"decorator": "bigglobe_incendium:nether/bubble/decorator_infernal_dunes"
	}
}