{
	"weight": 0.015625,
	"owner": "bigglobe:nether/bubble",
	"enables": [
		"bigglobe_incendium:nether/bubble/biome_inverted_forest",
		"bigglobe:nether/bubble/cave_width",
		"bigglobe:nether/bubble/cavern_noise_forest",
		"bigglobe:nether/bubble/filler_netherrack",
		"bigglobe:nether/bubble/fluid_lava",
		"bigglobe:nether/bubble/lava_level_normal",
		"bigglobe:nether/bubble/noise_forest",
		"bigglobe:nether/bubble/raw_cave_noise",
		"bigglobe:nether/bubble/surface_state_warped_nylium",
		"bigglobe_incendium:nether/bubble/decorator_inverted_forest"
	],
	"exports": {
		"biome": "bigglobe_incendium:nether/bubble/biome_inverted_forest",
		"filler": "bigglobe:nether/bubble/filler_netherrack",
		"lava_level": "bigglobe:nether/bubble/lava_level_normal",
		"lava_fluid": "bigglobe:nether/bubble/fluid_lava",
		"noise": "bigglobe:nether/bubble/noise_forest",
		"surface_state": "bigglobe:nether/bubble/surface_state_warped_nylium",
		"decorator": "bigglobe_incendium:nether/bubble/decorator_inverted_forest"
	}
}