{
	"weight": 0.125,
	"owner": "bigglobe:nether/bubble",
	"enables": [
		"bigglobe_incendium:nether/bubble/biome_toxic_heap",
		"bigglobe:nether/bubble/cave_width",
		"bigglobe:nether/bubble/cavern_noise_inferno",
		"bigglobe_incendium:nether/bubble/filler_green_terracotta",
		"bigglobe:nether/bubble/fluid_lava",
		"bigglobe:nether/bubble/lava_level_normal",
		"bigglobe:nether/bubble/noise_inferno",
		"bigglobe:nether/bubble/raw_cave_noise",
		"bigglobe:nether/bubble/surface_state_none",
		"bigglobe_incendium:nether/bubble/decorator_toxic_heap"
	],
	"exports": {
		"biome": "bigglobe_incendium:nether/bubble/biome_toxic_heap",
		"filler": "bigglobe_incendium:nether/bubble/filler_green_terracotta",
		"lava_level": "bigglobe:nether/bubble/lava_level_normal",
		"lava_fluid": "bigglobe:nether/bubble/fluid_lava",
		"noise": "bigglobe:nether/bubble/noise_inferno",
		"surface_state": "bigglobe:nether/bubble/surface_state_none",
		"decorator": "bigglobe_incendium:nether/bubble/decorator_toxic_heap"
	}
}