{
	"placement": {
		"type": "minecraft:random_spread",
		"salt": 783,
		"separation": 15,
		"spacing": 40
	},
	"structures": [
		{ "weight": 5, "structure": "bigglobe_dnt:tavern_acacia" },
		{ "weight": 5, "structure": "bigglobe_dnt:tavern_birch" },
		{ "weight": 5, "structure": "bigglobe_dnt:tavern_cherry" },
		{ "weight": 5, "structure": "bigglobe_dnt:tavern_dark_oak" },
		{ "weight": 5, "structure": "bigglobe_dnt:tavern_desert" },
		{ "weight": 5, "structure": "bigglobe_dnt:tavern_jungle" },
		{ "weight": 5, "structure": "bigglobe_dnt:tavern_mangrove" },
		{ "weight": 5, "structure": "bigglobe_dnt:tavern_oak" },
		{ "weight": 5, "structure": "bigglobe_dnt:tavern_snowy" },
		{ "weight": 5, "structure": "bigglobe_dnt:tavern_spruce" },
		{ "weight": 5, "structure": "bigglobe_dnt:tavern_swamp" }
	]
}