{
	"blocks": {
		"log": "ars_nouveau:green_archwood_log",
		"wood": "ars_nouveau:green_archwood_wood",
		"stripped_log": "ars_nouveau:stripped_green_archwood_log",
		"stripped_wood": "ars_nouveau:stripped_green_archwood_wood",
		"planks": "ars_nouveau:archwood_planks",
		"stairs": "ars_nouveau:archwood_stairs",
		"slab": "ars_nouveau:archwood_slab",
		"fence": "ars_nouveau:archwood_fence",
		"fence_gate": "ars_nouveau:archwood_fence_gate",
		"door": "ars_nouveau:archwood_door",
		"trapdoor": "ars_nouveau:archwood_trapdoor",
		"pressure_plate": "ars_nouveau:archwood_pressure_plate",
		"button": "ars_nouveau:archwood_button",
		"leaves": "ars_nouveau:green_archwood_leaves",
		"sapling": "ars_nouveau:green_archwood_sapling",
		"potted_sapling": "ars_nouveau:potted_green_archwood_sapling",
		"standing_sign": "minecraft:oak_sign",
		"wall_sign": "minecraft:oak_wall_sign",
		"hanging_sign": "minecraft:oak_hanging_sign",
		"wall_hanging_sign": "minecraft:oak_wall_hanging_sign"
	},
	"features": {
		"sapling_grow": "bigglobe_ars:overworld/trees/artificial/green_archwood",
		"natural_surface": "bigglobe_ars:overworld/trees/natural/green_archwood"
	}
}