{
	"type": "bigglobe:ore",
	"config": {
		"seed": "nickel",
		"blocks": {
			"minecraft:stone":             "immersiveengineering:ore_nickel",
			"minecraft:cobblestone":       "immersiveengineering:ore_nickel",
			"minecraft:andesite":          "immersiveengineering:ore_nickel",
			"minecraft:polished_andesite": "immersiveengineering:ore_nickel",
			"minecraft:diorite":           "immersiveengineering:ore_nickel",
			"minecraft:polished_diorite":  "immersiveengineering:ore_nickel",
			"minecraft:granite":           "immersiveengineering:ore_nickel",
			"minecraft:polished_granite":  "immersiveengineering:ore_nickel",
			"minecraft:deepslate":         "immersiveengineering:deepslate_ore_nickel"
		},
		"chance": "1.0L",
		"radius": {
			"type": "average",
			"min": 2.5,
			"max": 5.0,
			"average": 3.25
		}
	}
}