{
	"carvers": {},
	"downfall": 0.0,
	"effects": {
		"additions_sound": {
			"sound": "minecraft:ambient.basalt_deltas.additions",
			"tick_chance": 0.0111
		},
		"ambient_sound": "minecraft:ambient.basalt_deltas.loop",
		"fog_color": 6184034,
		"mood_sound": {
			"block_search_extent": 8,
			"offset": 2.0,
			"sound": "minecraft:ambient.basalt_deltas.mood",
			"tick_delay": 6000
		},
		"music": {
			"max_delay": 24000,
			"min_delay": 12000,
			"replace_current_music": false,
			"sound": "minecraft:music.nether.basalt_deltas"
		},
        "particle": {
            "options": {
                "type": "minecraft:ash"
            },
            "probability": 0.08
        },
		"sky_color": 7254527,
		"water_color": 4143428,
		"water_fog_color": 4341314
	},
	"features": [ [], [], [], [], [], [], [], [], [], [] ],
	"has_precipitation": false,
    "spawn_costs": {},
	"spawners": {
		"ambient": [],
		"axolotls": [],
		"creature": [
			{ "type": "minecraft:strider", "maxCount": 2, "minCount": 1, "weight": 60 }
		],
		"misc": [],
		"monster": [
			{ "type": "minecraft:ghast",            "weight": 20, "minCount": 1, "maxCount": 1 },
			{ "type": "minecraft:magma_cube",     	"weight": 100, "minCount": 2, "maxCount": 7 },
			{ "type": "minecraft:piglin",     	    "weight": 100, "minCount": 1, "maxCount": 1 }
		],
		"underground_water_creature": [],
		"water_ambient": [],
		"water_creature": []
	},
	"temperature": 2.0
}