{
	"carvers": {},
	"downfall": 0.0,
	"effects": {
		"additions_sound": {
			"sound": "minecraft:ambient.nether_wastes.additions",
			"tick_chance": 0.0111
		},
		"ambient_sound": "minecraft:ambient.crimson_forest.loop",
		"fog_color": 6835787,
		"mood_sound": {
			"block_search_extent": 8,
			"offset": 2.0,
			"sound": "minecraft:ambient.crimson_forest.mood",
			"tick_delay": 6000
		},
		"music": {
			"max_delay": 24000,
			"min_delay": 12000,
			"replace_current_music": false,
			"sound": "minecraft:music.nether.nether_wastes"
		},
		"sky_color": 13590016,
		"water_color": 4159204,
		"water_fog_color": 4341314
	},
	"features": [ [], [], [], [], [], [], [], [], [], [] ],
	"has_precipitation": false,
    "spawn_costs": {},
	"spawners": {
		"ambient": [],
		"axolotls": [],
		"creature": [
			{ "type": "minecraft:strider", "maxCount": 2, "minCount": 1, "weight": 60 }
		],
		"misc": [],
		"monster": [
			{ "type": "minecraft:blaze",            "weight": 20, "minCount": 2, "maxCount": 5 },
			{ "type": "minecraft:magma_cube",     	  "weight": 5, "minCount": 1, "maxCount": 3 }
		],
		"underground_water_creature": [],
		"water_ambient": [],
		"water_creature": []
	},
	"temperature": 2.0
}