{
	"carvers": {},
	"downfall": 0.0,
	"effects": {
		"additions_sound": {
			"sound": "minecraft:ambient.warped_forest.additions",
			"tick_chance": 0.0111
		},
		"ambient_sound": "minecraft:ambient.warped_forest.loop",
		"fog_color": 13746120,
		"mood_sound": {
			"block_search_extent": 8,
			"offset": 2.0,
			"sound": "minecraft:ambient.soul_sand_valley.mood",
			"tick_delay": 6000
		},
		"music": {
			"max_delay": 24000,
			"min_delay": 12000,
			"replace_current_music": false,
			"sound": "minecraft:music.nether.soul_sand_valley"
		},
        "particle": {
            "options": {
                "type": "minecraft:end_rod"
            },
            "probability": 0.003
        },
		"sky_color": 12763856,
        "foliage_color": 7798551,
        "grass_color": 7798551,
		"water_color": 4159204,
		"water_fog_color": 4341314
	},
	"features": [ [], [], [], [], [], [], [], [], [], [] ],
	"has_precipitation": false,
	"spawn_costs": {},
	"spawners": {
		"ambient": [],
		"axolotls": [],
		"creature": [
			{ "type": "minecraft:strider", 			"weight": 100, "minCount": 1, "maxCount": 2 }
		],
		"misc": [],
		"monster": [
			{ "type": "minecraft:ghast",  			"weight": 100, "minCount": 8, "maxCount": 8 },
			{ "type": "minecraft:skeleton",         "weight": 100,  "minCount": 1, "maxCount": 5 }
		],
		"underground_water_creature": [],
		"water_ambient": [],
		"water_creature": []
	},
	"temperature": 2.0
}