{
	"carvers": {},
	"downfall": 0.0,
	"effects": {
		"additions_sound": {
			"sound": "minecraft:ambient.basalt_deltas.additions",
			"tick_chance": 0.02
		},
		"ambient_sound": "minecraft:ambient.warped_forest.loop",
		"fog_color": 7303732,
		"mood_sound": {
			"block_search_extent": 8,
			"offset": 2.0,
			"sound": "minecraft:ambient.nether_wastes.mood",
			"tick_delay": 6000
		},
		"music": {
			"max_delay": 2400,
			"min_delay": 12000,
			"replace_current_music": false,
			"sound": "minecraft:music.nether.basalt_deltas"
		},
        "particle": {
            "options": {
                "type": "minecraft:dust",
                "color": [
                    0.5,
                    0.9,
                    0.1
                ],
                "scale": 1
            },
            "probability": 0.01
        },
		"sky_color": 7254527,
		"water_color": 4159204,
		"water_fog_color": 329011
	},
	"features": [ [], [], [], [], [], [], [], [], [], [] ],
	"has_precipitation": false,
    "spawn_costs": {
        "minecraft:phantom": {
            "energy_budget": 0.15,
            "charge": 0.7
        },
        "minecraft:vex": {
            "energy_budget": 0.15,
            "charge": 1
        }
    },
	"spawners": {
		"ambient": [],
		"axolotls": [],
		"creature": [
			{ "type": "minecraft:strider", "maxCount": 2, "minCount": 1, "weight": 60 }
		],
		"misc": [],
		"monster": [
			{ "type": "minecraft:phantom",            "weight": 10, "minCount": 1, "maxCount": 1 },
			{ "type": "minecraft:magma_cube",     	  "weight": 90, "minCount": 1, "maxCount": 2 }
		],
		"underground_water_creature": [],
		"water_ambient": [],
		"water_creature": []
	},
	"temperature": 2.0
}