{
	"carvers": {},
	"downfall": 0.0,
	"effects": {
		"additions_sound": {
			"sound": "minecraft:ambient.basalt_deltas.additions",
			"tick_chance": 0.0111
		},
		"ambient_sound": "minecraft:ambient.basalt_deltas.loop",
		"fog_color": 8215650,
		"mood_sound": {
			"block_search_extent": 8,
			"offset": 2.0,
			"sound": "minecraft:ambient.basalt_deltas.mood",
			"tick_delay": 6000
		},
		"music": {
			"max_delay": 24000,
			"min_delay": 12000,
			"replace_current_music": false,
			"sound": "minecraft:music.nether.basalt_deltas"
		},
        "particle": {
            "options": {
                "type": "minecraft:white_ash"
            },
            "probability": 0.1
        },
		"sky_color": 7254527,
		"water_color": 6116194,
		"water_fog_color": 4341314
	},
	"features": [ [], [], [], [], [], [], [], [], [], [] ],
	"has_precipitation": false,
	"spawn_costs": {},
	"spawners": {
		"ambient": [],
		"axolotls": [],
		"creature": [
			{ "type": "minecraft:strider", "weight": 100, "minCount": 1, "maxCount": 2 }
		],
		"misc": [],
		"monster": [
			{ "type": "minecraft:ghast", 				"weight": 50, "minCount": 8, "maxCount": 8 },
			{ "type": "minecraft:magma_cube",           "weight": 50,  "minCount": 2, "maxCount": 3 },
			{ "type": "minecraft:blaze",          		"weight": 20,  "minCount": 1, "maxCount": 1 }
		],
		"underground_water_creature": [],
		"water_ambient": [],
		"water_creature": []
	},
	"temperature": 2.0
}