{
	"carvers": {},
	"downfall": 0.0,
	"effects": {
		"additions_sound": {
			"sound": "minecraft:ambient.soul_sand_valley.additions",
			"tick_chance": 0.0111
		},
		"ambient_sound": "minecraft:ambient.soul_sand_valley.loop",
		"fog_color": 3352095,
		"mood_sound": {
			"block_search_extent": 8,
			"offset": 2.0,
			"sound": "minecraft:ambient.soul_sand_valley.mood",
			"tick_delay": 6000
		},
		"music": {
			"max_delay": 24000,
			"min_delay": 12000,
			"replace_current_music": false,
			"sound": "minecraft:music.nether.soul_sand_valley"
		},
        "particle": {
            "options": {
                "type": "minecraft:ash"
            },
            "probability": 0.00625
        },
		"sky_color": 7254527,
		"water_color": 4159204,
		"water_fog_color": 329011
	},
	"features": [ [], [], [], [], [], [], [], [], [], [] ],
	"has_precipitation": false,
    "spawn_costs": {
        "minecraft:skeleton": {
            "energy_budget": 0.15,
            "charge": 0.7
        },
        "minecraft:ghast": {
            "energy_budget": 0.15,
            "charge": 0.7
        },
        "minecraft:enderman": {
            "energy_budget": 0.15,
            "charge": 0.7
        },
        "minecraft:strider": {
            "energy_budget": 0.15,
            "charge": 0.7
        }
    },
	"spawners": {
		"ambient": [],
		"axolotls": [],
		"creature": [
			{ "type": "minecraft:strider", "weight": 100, "minCount": 1, "maxCount": 2 }
		],
		"misc": [],
		"monster": [
			{ "type": "minecraft:skeleton",		 "weight": 25, "minCount": 5, "maxCount": 5 },
			{ "type": "minecraft:ghast", 		 "weight": 50, "minCount": 4, "maxCount": 4 },
			{ "type": "minecraft:enderman",      "weight": 2,  "minCount": 4, "maxCount": 4 },
			{ "type": "minecraft:magma_cube",     "weight": 20,  "minCount": 2, "maxCount": 4 }
		],
		"underground_water_creature": [],
		"water_ambient": [],
		"water_creature": []
	},
	"temperature": 2.0
}