{
	"carvers": {},
	"downfall": 0.0,
	"effects": {
		"additions_sound": {
			"sound": "minecraft:ambient.crimson_forest.additions",
			"tick_chance": 0.0111
		},
		"ambient_sound": "minecraft:ambient.basalt_deltas.loop",
		"fog_color": 2169642,
		"mood_sound": {
			"block_search_extent": 8,
			"offset": 2.0,
			"sound": "minecraft:ambient.warped_forest.mood",
			"tick_delay": 6000
		},
		"music": {
			"max_delay": 24000,
			"min_delay": 12000,
			"replace_current_music": false,
			"sound": "minecraft:music.nether.basalt_deltas"
		},
        "particle": {
            "options": {
                "type": "minecraft:smoke"
            },
            "probability": 0.01
        },
		"sky_color": 12763856,
        "foliage_color": 8357004,
		"water_color": 4159204,
		"water_fog_color": 4341314
	},
	"features": [ [], [], [], [], [], [], [], [], [], [] ],
	"has_precipitation": false,
    "spawn_costs": {
        "minecraft:wither_skeleton": {
            "energy_budget": 0.1,
            "charge": 0.4
        },
        "minecraft:enderman": {
            "energy_budget": 0.1,
            "charge": 0.2
        },
        "minecraft:magma_cube": {
            "energy_budget": 0.15,
            "charge": 0.5
        },
        "minecraft:vex": {
            "energy_budget": 0.2,
            "charge": 0.5
        },
        "minecraft:phantom": {
            "energy_budget": 0.15,
            "charge": 0.7
        }
    },
	"spawners": {
		"ambient": [],
		"axolotls": [],
		"creature": [
			{ "type": "minecraft:strider", "weight": 100, "minCount": 1, "maxCount": 2 }
		],
		"misc": [],
		"monster": [
			{ "type": "minecraft:wither_skeleton", 		"weight": 50, "minCount": 1, "maxCount": 3 },
			{ "type": "minecraft:magma_cube",           "weight": 20,  "minCount": 1, "maxCount": 3 },
			{ "type": "minecraft:phantom",           	"weight": 6,  "minCount": 1, "maxCount": 2 }
		],
		"underground_water_creature": [],
		"water_ambient": [],
		"water_creature": []
	},
	"temperature": 2.0
}