{
    "blocks": {
        "log": "integrateddynamics:menril_log",
        "wood": "integrateddynamics:menril_wood",
        "stripped_log": "integrateddynamics:menril_log_stripped",
        "stripped_wood": "integrateddynamics:menril_wood_stripped",
        "planks": "integrateddynamics:menril_planks",
        "stairs": "integrateddynamics:menril_planks_stairs",
        "slab": "integrateddynamics:menril_slab",
        "fence": "integrateddynamics:menril_fence",
        "fence_gate": "integrateddynamics:menril_fence_gate",
        "door": "integrateddynamics:menril_door",
        "trapdoor": "minecraft:spruce_trapdoor",
        "pressure_plate": "minecraft:spruce_pressure_plate",
        "button": "minecraft:spruce_button",
        "leaves": "integrateddynamics:menril_leaves",
        "sapling": "integrateddynamics:menril_sapling",
        "potted_sapling": "integrateddynamics:menril_sapling",
        "standing_sign": "minecraft:spruce_sign",
        "wall_sign": "minecraft:spruce_wall_sign",
        "hanging_sign": "minecraft:spruce_hanging_sign",
        "wall_hanging_sign": "minecraft:spruce_wall_hanging_sign"
    },
    "features": {
        "sapling_grow": "bigglobe_integrateddynamics:trees/artificial/menril",
        "natural_surface": "bigglobe_integrateddynamics:trees/natural/menril"
    }
}