{
	"type": "bigglobe:scripted_ore",
	"config": {
		"seed": "gtceu:copper_tin",
		"replacer_script": [
            "if (oldState.isIn('minecraft:stone', 'minecraft:cobblestone', 'minecraft:andesite', 'minecraft:diorite', 'minecraft:granite'):",
             "return(",
              "blockSeed.switch (",
               "'minecraft:stone',",
			   "'minecraft:stone',",
			   "'minecraft:stone',",
			   "'minecraft:stone',",
			   "'minecraft:stone',",
			   "'minecraft:stone',",
               "'gtceu:chalcopyrite_ore',",
               "'gtceu:chalcopyrite_ore',",
               "'gtceu:chalcopyrite_ore',",
               "'gtceu:chalcopyrite_ore',",
			   "'gtceu:chalcopyrite_ore',",
			   "'gtceu:zeolite_ore',",
			   "'gtceu:zeolite_ore',",
			   "'gtceu:cassiterite_ore',",
			   "'gtceu:cassiterite_ore',",
			   "'gtceu:realgar_ore'",
			   ")",
              ")",
            ")",
			
			"if (oldState ==. 'minecraft:deepslate':",
             "return(",
              "blockSeed.switch (",
               "'minecraft:deepslate',",
			   "'minecraft:deepslate',",
			   "'minecraft:deepslate',",
			   "'minecraft:deepslate',",
			   "'minecraft:deepslate',",
			   "'minecraft:deepslate',",
               "'gtceu:deepslate_chalcopyrite_ore',",
               "'gtceu:deepslate_chalcopyrite_ore',",
               "'gtceu:deepslate_chalcopyrite_ore',",
               "'gtceu:deepslate_chalcopyrite_ore',",
			   "'gtceu:deepslate_chalcopyrite_ore',",
			   "'gtceu:deepslate_zeolite_ore',",
			   "'gtceu:deepslate_zeolite_ore',",
			   "'gtceu:deepslate_cassiterite_ore',",
			   "'gtceu:deepslate_cassiterite_ore',",
			   "'gtceu:deepslate_realgar_ore'",
			   ")",
              ")",
            ")",
            "else (",
             "return(oldState)",
			")"
		],
		"chance":[
			"double h = -`bigglobe:approximate_distance_below_surface`",
			"double chance = h^2.0L*(-0.0001L)+h*(-0.05L)+18L",
			"return(chance / (20.25L*16L))"
		],
		"radius": {
			"type": "average",
			"min": 2.0,
			"max": 8.0,
			"average": 5.0
		}
	}
}