{
	"type": "bigglobe:scripted_ore",
	"config": {
		"seed": "gtceu:diamond",
		"replacer_script": [
            "if (oldState.isIn('minecraft:stone', 'minecraft:cobblestone', 'minecraft:andesite', 'minecraft:diorite', 'minecraft:granite'):",
             "return(",
              "blockSeed.switch (",
               "'minecraft:stone',",
			   "'minecraft:stone',",
			   "'minecraft:stone',",
			   "'minecraft:stone',",
			   "'minecraft:stone',",
			   "'minecraft:stone',",
			   "'gtceu:graphite_ore',",
               "'gtceu:graphite_ore',",
               "'gtceu:graphite_ore',",
               "'gtceu:graphite_ore',",
			   "'gtceu:graphite_ore',",
			   "'gtceu:graphite_ore',",
			   "'gtceu:graphite_ore',",
			   "'gtceu:diamond_ore',",
			   "'gtceu:diamond_ore',",
			   "'gtceu:diamond_ore',",
			   "'gtceu:coal_ore'",
			   ")",
              ")",
            ")",
			
			"if (oldState ==. 'minecraft:deepslate':",
             "return(",
              "blockSeed.switch (",
               "'minecraft:deepslate',",
			   "'minecraft:deepslate',",
			   "'minecraft:deepslate',",
			   "'minecraft:deepslate',",
			   "'minecraft:deepslate',",
			   "'minecraft:deepslate',",
               "'gtceu:deepslate_graphite_ore',",
               "'gtceu:deepslate_graphite_ore',",
               "'gtceu:deepslate_graphite_ore',",
               "'gtceu:deepslate_graphite_ore',",
			   "'gtceu:deepslate_graphite_ore',",
			   "'gtceu:deepslate_graphite_ore',",
			   "'gtceu:deepslate_graphite_ore',",
			   "'gtceu:deepslate_diamond_ore',",
			   "'gtceu:deepslate_diamond_ore',",
			   "'gtceu:deepslate_diamond_ore',",
			   "'gtceu:deepslate_coal_ore'",
			   ")",
              ")",
            ")",
            "else (",
             "return(oldState)",
			")"
		],
		"chance":[
			"double h = -`bigglobe:approximate_distance_below_surface`",
			"double chance = h^2.0L*(-0.00395L)+h*(-5.2L)-1640L",
			"return(chance / (71.39241L*16L))"
		],
		"radius": {
			"type": "average",
			"min": 2.0,
			"max": 8.0,
			"average": 5.0
		}
	}
}