{
	"type": "bigglobe:scripted_ore",
	"config": {
		"seed": "gtceu:garnet",
		"replacer_script": [
            "if (oldState.isIn('minecraft:stone', 'minecraft:cobblestone', 'minecraft:andesite', 'minecraft:diorite', 'minecraft:granite'):",
             "return(",
              "blockSeed.switch (",
               "'minecraft:stone',",
			   "'minecraft:stone',",
			   "'minecraft:stone',",
			   "'minecraft:stone',",
			   "'minecraft:stone',",
			   "'minecraft:stone',",
			   "'gtceu:red_garnet_ore',",
               "'gtceu:red_garnet_ore',",
               "'gtceu:red_garnet_ore',",
               "'gtceu:yellow_garnet_ore',",
			   "'gtceu:yellow_garnet_ore',",
			   "'gtceu:amethyst_ore',",
			   "'gtceu:amethyst_ore',",
			   "'gtceu:opal_ore'",
			   ")",
              ")",
            ")",
			
			"if (oldState ==. 'minecraft:deepslate':",
             "return(",
              "blockSeed.switch (",
               "'minecraft:deepslate',",
			   "'minecraft:deepslate',",
			   "'minecraft:deepslate',",
			   "'minecraft:deepslate',",
			   "'minecraft:deepslate',",
			   "'minecraft:deepslate',",
			   "'gtceu:deepslate_red_garnet_ore',",
               "'gtceu:deepslate_red_garnet_ore',",
               "'gtceu:deepslate_red_garnet_ore',",
               "'gtceu:deepslate_yellow_garnet_ore',",
			   "'gtceu:deepslate_yellow_garnet_ore',",
			   "'gtceu:deepslate_amethyst_ore',",
			   "'gtceu:deepslate_amethyst_ore',",
			   "'gtceu:deepslate_opal_ore'",
			   ")",
              ")",
            ")",
            "else (",
             "return(oldState)",
			")"
		],
		"chance":[
			"double h = -`bigglobe:approximate_distance_below_surface`",
			"double chance = h^2.0L*(-0.0001L)+h*(-0.06L)-3L",
			"return(chance / (6.0L*16L))"
		],
		"radius": {
			"type": "average",
			"min": 2.0,
			"max": 8.0,
			"average": 5.0
		}
	}
}