{
	"type": "bigglobe:scripted_ore",
	"config": {
		"seed": "gtceu:lapis",
		"replacer_script": [
            "if (oldState.isIn('minecraft:stone', 'minecraft:cobblestone', 'minecraft:andesite', 'minecraft:diorite', 'minecraft:granite'):",
             "return(",
              "blockSeed.switch (",
               "'minecraft:stone',",
			   "'minecraft:stone',",
			   "'minecraft:stone',",
			   "'minecraft:stone',",
			   "'minecraft:stone',",
			   "'minecraft:stone',",
			   "'gtceu:lazurite_ore',",
               "'gtceu:lazurite_ore',",
               "'gtceu:lazurite_ore',",
               "'gtceu:sodalite_ore',",
			   "'gtceu:sodalite_ore',",
			   "'gtceu:lapis_ore',",
			   "'gtceu:lapis_ore',",
			   "'gtceu:calcite_ore'",
			   ")",
              ")",
            ")",
			
			"if (oldState ==. 'minecraft:deepslate':",
             "return(",
              "blockSeed.switch (",
               "'minecraft:deepslate',",
			   "'minecraft:deepslate',",
			   "'minecraft:deepslate',",
			   "'minecraft:deepslate',",
			   "'minecraft:deepslate',",
			   "'minecraft:deepslate',",
			   "'gtceu:deepslate_lazurite_ore',",
               "'gtceu:deepslate_lazurite_ore',",
               "'gtceu:deepslate_lazurite_ore',",
               "'gtceu:deepslate_sodalite_ore',",
			   "'gtceu:deepslate_sodalite_ore',",
			   "'gtceu:deepslate_lapis_ore',",
			   "'gtceu:deepslate_lapis_ore',",
			   "'gtceu:deepslate_calcite_ore'",
			   ")",
              ")",
            ")",
            "else (",
             "return(oldState)",
			")"
		],
		"chance":[
			"double h = -`bigglobe:approximate_distance_below_surface`",
			"double chance = h^2.0L*(-0.00011L)+h*(-0.2L)-36L",
			"return(chance / (18L*16L))"
		],
		"radius": {
			"type": "average",
			"min": 2.0,
			"max": 8.0,
			"average": 5.0
		}
	}
}