{
	"type": "bigglobe:scripted_ore",
	"config": {
		"seed": "gtceu:lubricant",
		"replacer_script": [
            "if (oldState.isIn('minecraft:stone', 'minecraft:cobblestone', 'minecraft:andesite', 'minecraft:diorite', 'minecraft:granite'):",
             "return(",
              "blockSeed.switch (",
               "'minecraft:stone',",
			   "'minecraft:stone',",
			   "'minecraft:stone',",
			   "'minecraft:stone',",
			   "'minecraft:stone',",
			   "'minecraft:stone',",
			   "'gtceu:soapstone_ore',",
               "'gtceu:soapstone_ore',",
               "'gtceu:soapstone_ore',",
               "'gtceu:talc_ore',",
			   "'gtceu:talc_ore',",
			   "'gtceu:glauconite_sand_ore',",
			   "'gtceu:glauconite_sand_ore',",
			   "'gtceu:pentlandite_ore'",
			   ")",
              ")",
            ")",
			
			"if (oldState ==. 'minecraft:deepslate':",
             "return(",
              "blockSeed.switch (",
               "'minecraft:deepslate',",
			   "'minecraft:deepslate',",
			   "'minecraft:deepslate',",
			   "'minecraft:deepslate',",
			   "'minecraft:deepslate',",
			   "'minecraft:deepslate',",
			   "'gtceu:deepslate_soapstone_ore',",
               "'gtceu:deepslate_soapstone_ore',",
               "'gtceu:deepslate_soapstone_ore',",
               "'gtceu:deepslate_talc_ore',",
			   "'gtceu:deepslate_talc_ore',",
			   "'gtceu:deepslate_glauconite_sand_ore',",
			   "'gtceu:deepslate_glauconite_sand_ore',",
			   "'gtceu:deepslate_pentlandite_ore'",
			   ")",
              ")",
            ")",
            "else (",
             "return(oldState)",
			")"
		],
		"chance":[
			"double h = -`bigglobe:approximate_distance_below_surface`",
			"double chance = h^2.0L*(-0.0001L)+h*(-0.08L)-8L",
			"return(chance / (8L*16L))"
		],
		"radius": {
			"type": "average",
			"min": 2.0,
			"max": 8.0,
			"average": 5.0
		}
	}
}