{
	"type": "bigglobe:scripted_ore",
	"config": {
		"seed": "gtceu:manganese",
		"replacer_script": [
            "if (oldState.isIn('minecraft:stone', 'minecraft:cobblestone', 'minecraft:andesite', 'minecraft:diorite', 'minecraft:granite'):",
             "return(",
              "blockSeed.switch (",
               "'minecraft:stone',",
			   "'minecraft:stone',",
			   "'minecraft:stone',",
			   "'minecraft:stone',",
			   "'minecraft:stone',",
			   "'minecraft:stone',",
			   "'gtceu:grossular_ore',",
               "'gtceu:grossular_ore',",
               "'gtceu:grossular_ore',",
               "'gtceu:spessartine_ore',",
			   "'gtceu:spessartine_ore',",
			   "'gtceu:pyrolusite_ore',",
			   "'gtceu:pyrolusite_ore',",
			   "'gtceu:tantalite_ore'",
			   ")",
              ")",
            ")",
			
			"if (oldState ==. 'minecraft:deepslate':",
             "return(",
              "blockSeed.switch (",
               "'minecraft:deepslate',",
			   "'minecraft:deepslate',",
			   "'minecraft:deepslate',",
			   "'minecraft:deepslate',",
			   "'minecraft:deepslate',",
			   "'minecraft:deepslate',",
			   "'gtceu:deepslate_grossular_ore',",
               "'gtceu:deepslate_grossular_ore',",
               "'gtceu:deepslate_grossular_ore',",
               "'gtceu:deepslate_spessartine_ore',",
			   "'gtceu:deepslate_spessartine_ore',",
			   "'gtceu:deepslate_pyrolusite_ore',",
			   "'gtceu:deepslate_pyrolusite_ore',",
			   "'gtceu:deepslate_tantalite_ore'",
			   ")",
              ")",
            ")",
            "else (",
             "return(oldState)",
			")"
		],
		"chance":[
			"double h = -`bigglobe:approximate_distance_below_surface`",
			"double chance = h^2.0L*(-0.0001L)+h*(-0.098L)-19.5L",
			"return(chance / (13L*16L))"
		],
		"radius": {
			"type": "average",
			"min": 2.0,
			"max": 8.0,
			"average": 5.0
		}
	}
}