{
	"type": "bigglobe:scripted_ore",
	"config": {
		"seed": "gtceu:mineral_sand",
		"replacer_script": [
            "if (oldState.isIn('minecraft:stone', 'minecraft:cobblestone', 'minecraft:andesite', 'minecraft:diorite', 'minecraft:granite'):",
             "return(",
              "blockSeed.switch (",
               "'minecraft:stone',",
			   "'minecraft:stone',",
			   "'minecraft:stone',",
			   "'minecraft:stone',",
			   "'minecraft:stone',",
			   "'minecraft:stone',",
			   "'gtceu:basaltic_mineral_sand_ore',",
               "'gtceu:basaltic_mineral_sand_ore',",
               "'gtceu:basaltic_mineral_sand_ore',",
               "'gtceu:granitic_mineral_sand_ore',",
			   "'gtceu:granitic_mineral_sand_ore',",
			   "'gtceu:fullers_earth_ore',",
			   "'gtceu:fullers_earth_ore',",
			   "'gtceu:gypsum_ore'",
			   ")",
              ")",
            ")",
			
			"if (oldState ==. 'minecraft:deepslate':",
             "return(",
              "blockSeed.switch (",
               "'minecraft:deepslate',",
			   "'minecraft:deepslate',",
			   "'minecraft:deepslate',",
			   "'minecraft:deepslate',",
			   "'minecraft:deepslate',",
			   "'minecraft:deepslate',",
			   "'gtceu:deepslate_basaltic_mineral_sand_ore',",
               "'gtceu:deepslate_basaltic_mineral_sand_ore',",
               "'gtceu:deepslate_basaltic_mineral_sand_ore',",
               "'gtceu:deepslate_granitic_mineral_sand_ore',",
			   "'gtceu:deepslate_granitic_mineral_sand_ore',",
			   "'gtceu:deepslate_fullers_earth_ore',",
			   "'gtceu:deepslate_fullers_earth_ore',",
			   "'gtceu:deepslate_gypsum_ore'",
			   ")",
              ")",
            ")",
            "else (",
             "return(oldState)",
			")"
		],
		"chance":[
			"double h = -`bigglobe:approximate_distance_below_surface`",
			"double chance = h^2.0L*(-0.00011L)+h*(-0.03L)-0L",
			"return(chance / (2.04545L*16L))"
		],
		"radius": {
			"type": "average",
			"min": 2.0,
			"max": 8.0,
			"average": 5.0
		}
	}
}