{
	"type": "bigglobe:ore",
	"config": {
		"seed": "gtceu:oilsands",
		"blocks": {
			"minecraft:stone":             "gtceu:oilsands_ore",
			"minecraft:cobblestone":       "gtceu:oilsands_ore",
			"minecraft:andesite":          "gtceu:andesite_oilsands_ore",
			"minecraft:polished_andesite": "gtceu:andesite_oilsands_ore",
			"minecraft:diorite":           "gtceu:diorite_oilsands_ore",
			"minecraft:polished_diorite":  "gtceu:diorite_oilsands_ore",
			"minecraft:granite":           "gtceu:granite_oilsands_ore",
			"minecraft:polished_granite":  "gtceu:granite_oilsands_ore",
			"minecraft:deepslate":         "gtceu:deepslate_oilsands_ore",
			"minecraft:cobbled_deepslate": "gtceu:deepslate_oilsands_ore"
		},
		"chance":[
			"double h = -`bigglobe:approximate_distance_below_surface`",
			"double chance = h^2.0L*(-0.00011L)+h*(-0.03L)+5L",
			"return(chance / (7.04545L*16L))"
		],
		"radius": {
			"type": "average",
			"min": 2.0,
			"max": 8.0,
			"average": 5.0
		}
	}
}