{
	"type": "bigglobe:scripted_ore",
	"config": {
		"seed": "gtceu:salts",
		"replacer_script": [
            "if (oldState.isIn('minecraft:stone', 'minecraft:cobblestone', 'minecraft:andesite', 'minecraft:diorite', 'minecraft:granite'):",
             "return(",
              "blockSeed.switch (",
               "'minecraft:stone',",
			   "'minecraft:stone',",
			   "'minecraft:stone',",
			   "'minecraft:stone',",
			   "'minecraft:stone',",
			   "'minecraft:stone',",
			   "'gtceu:rock_salt_ore',",
               "'gtceu:rock_salt_ore',",
               "'gtceu:rock_salt_ore',",
               "'gtceu:salt_ore',",
			   "'gtceu:salt_ore',",
			   "'gtceu:lepidolite_ore',",
			   "'gtceu:spodumene_ore'",
			   ")",
              ")",
            ")",
			
			"if (oldState ==. 'minecraft:deepslate':",
             "return(",
              "blockSeed.switch (",
               "'minecraft:deepslate',",
			   "'minecraft:deepslate',",
			   "'minecraft:deepslate',",
			   "'minecraft:deepslate',",
			   "'minecraft:deepslate',",
			   "'minecraft:deepslate',",
			   "'gtceu:deepslate_rock_salt_ore',",
               "'gtceu:deepslate_rock_salt_ore',",
               "'gtceu:deepslate_rock_salt_ore',",
               "'gtceu:deepslate_salt_ore',",
			   "'gtceu:deepslate_salt_ore',",
			   "'gtceu:deepslate_lepidolite_ore',",
			   "'gtceu:deepslate_spodumene_ore'",
			   ")",
              ")",
            ")",
            "else (",
             "return(oldState)",
			")"
		],
		"chance":[
			"double h = -`bigglobe:approximate_distance_below_surface`",
			"double chance = h^2.0L*(-0.00011L)+h*(-0.03L)+5L",
			"return(chance / (7.04545L*16L))"
		],
		"radius": {
			"type": "average",
			"min": 2.0,
			"max": 8.0,
			"average": 5.0
		}
	}
}