{
	"type": "bigglobe:rock_layer",
	"config": {
		"seed": "ash_barrens",
		"repeat": 4.0,
		"entries": {
			"defaults": {
				"center": {
					"type": "sum",
					"layers": [
						{ "type": "smooth", "scale": 128, "amplitude": 16.0 },
						{ "type": "smooth", "scale":  64, "amplitude":  8.0 },
						{ "type": "smooth", "scale":  32, "amplitude":  4.0 }
					]
				},
				"thickness": {
					"type": "sum",
					"layers": [
						{ "type": "smooth", "scale": 32, "amplitude": 4.0 },
						{ "type": "smooth", "scale": 16, "amplitude": 2.0 },
						{ "type": "smooth", "scale":  8, "amplitude": 1.0 }
					]
				},
				"restrictions": {
					"type": "script",
				"script": "`bigglobe:nether/bubble`.filler ==. 'minecraft:smooth_basalt' ? 1.0 : 0.0"
				}
			},
			"variations": [

				{
					"weight": 2.0,
					"blocks": {
						"minecraft:smooth_basalt": "minecraft:basalt[axis=y]"
					}
				},
				{
					"weight": 1.25,
					"blocks": {
						"minecraft:smooth_basalt": "minecraft:crimson_nylium",
						"minecraft:basalt[axis=y]": "minecraft:crimson_nylium"
					}
				},
				{
					"weight": 1.0,
					"blocks": {
						"minecraft:smooth_basalt": "minecraft:netherrack",
						"minecraft:basalt[axis=y]": "minecraft:netherrack"
					}
				},
				{
					"weight": 1.0,
					"blocks": {
						"minecraft:smooth_basalt": "minecraft:nether_wart_block",
						"minecraft:basalt[axis=y]": "minecraft:nether_wart_block"
					}
				},
				{
					"weight": 1.0,
					"blocks": {
						"minecraft:smooth_basalt": "minecraft:blackstone",
						"minecraft:basalt[axis=y]": "minecraft:blackstone"
					}
				}
			]
		}
	}
}