{
	"type": "bigglobe:rock_layer",
	"config": {
		"seed": "extra_red_sand",
		"repeat": 16.0,
		"entries": {
			"weight": 1.0,
			"center": {
				"type": "sum",
				"layers": [
					{ "type": "smooth", "scale": 128, "amplitude": 16.0 },
					{ "type": "smooth", "scale":  64, "amplitude":  8.0 },
					{ "type": "smooth", "scale":  32, "amplitude":  4.0 }
				]
			},
			"thickness": {
				"type": "sum",
				"layers": [
					{ "type": "constant", "value": 4.0 },
					{ "type": "smooth", "scale": 32, "amplitude": 4.0 },
					{ "type": "smooth", "scale": 16, "amplitude": 2.0 },
					{ "type": "smooth", "scale":  8, "amplitude": 1.0 }
				]
			},
			"restrictions": {
				"type": "script",
				"script": "`bigglobe:nether/bubble`.filler ==. 'minecraft:red_sandstone' ? 1.0 : 0.0"
			},
			"blocks": {
				"minecraft:red_sandstone": "minecraft:red_sand"
			}
		}
	}
}