{
	"type": "bigglobe:rock_layer",
	"config": {
		"seed": "inverted_forest",
		"repeat": 8.0,
		"entries": {
			"defaults": {
				"center": {
					"type": "sum",
					"layers": [
						{ "type": "smooth", "scale": 128, "amplitude": 16.0 },
						{ "type": "smooth", "scale":  64, "amplitude":  8.0 },
						{ "type": "smooth", "scale":  32, "amplitude":  4.0 }
					]
				},
				"thickness": {
					"type": "sum",
					"layers": [
						{ "type": "smooth", "scale": 32, "amplitude": 4.0 },
						{ "type": "smooth", "scale": 16, "amplitude": 2.0 },
						{ "type": "smooth", "scale":  8, "amplitude": 1.0 }
					]
				},
				"restrictions": {
					"type": "script",
					"script": "`bigglobe:nether/bubble`.id ==. 'incendium:nether/inverted_forest' ? 1.0 : 0.0"
				}
			},
			"variations": [
				{
					"weight": 10.0,
					"blocks": {
						"minecraft:soul_sand": "minecraft:warped_wart_block",
						"minecraft:soul_soil": "minecraft:warped_wart_block",
						"minecraft:smooth_basalt": "minecraft:warped_wart_block",
						"minecraft:blackstone": "minecraft:warped_wart_block"
					}
				}
			]
		}
	}
}