{
	"type": "bigglobe:rock_layer",
	"config": {
		"seed": "quartz_flats",
		"repeat": 16.0,
		"entries": {
			"defaults": {
				"center": {
					"type": "sum",
					"layers": [
						{ "type": "smooth", "scale": 128, "amplitude": 16.0 },
						{ "type": "smooth", "scale":  64, "amplitude":  8.0 },
						{ "type": "smooth", "scale":  32, "amplitude":  4.0 }
					]
				},
				"thickness": {
					"type": "sum",
					"layers": [
						{ "type": "smooth", "scale": 32, "amplitude": 4.0 },
						{ "type": "smooth", "scale": 16, "amplitude": 2.0 },
						{ "type": "smooth", "scale":  8, "amplitude": 1.0 }
					]
				},
				"restrictions": {
					"type": "script",
					"script": "`bigglobe:nether/bubble`.filler ==. 'minecraft:smooth_quartz' ? 1.0 : 0.0"
				}
			},
			"variations": [
				{
					"weight": 1.0,
					"blocks": {
						"minecraft:smooth_quartz": "minecraft:warped_nylium"
					}
				}
			]
		}
	}
}