{
	"type": "bigglobe:rock_layer",
	"config": {
		"seed": "toxic_heap",
		"repeat": 6.0,
		"entries": {
			"defaults": {
				"center": {
					"type": "sum",
					"layers": [
						{ "type": "smooth", "scale": 128, "amplitude": 16.0 },
						{ "type": "smooth", "scale":  64, "amplitude":  8.0 },
						{ "type": "smooth", "scale":  32, "amplitude":  4.0 }
					]
				},
				"thickness": {
					"type": "sum",
					"layers": [
						{ "type": "smooth", "scale": 32, "amplitude": 4.0 },
						{ "type": "smooth", "scale": 16, "amplitude": 2.0 },
						{ "type": "smooth", "scale":  8, "amplitude": 1.0 }
					]
				},
				"restrictions": {
					"type": "script",
				"script": "`bigglobe:nether/bubble`.filler ==. 'minecraft:green_terracotta' ? 1.0 : 0.0"
				}
			},
			"variations": [
				{
					"weight": 2.0,
					"blocks": {
						"minecraft:green_terracotta": "minecraft:lime_terracotta"
					}
				},
				{
					"weight": 1.0,
					"blocks": {
						"minecraft:lime_terracotta": "minecraft:yellow_terracotta"
					}
				},
				{
					"weight": 1.0,
					"blocks": {
						"minecraft:green_terracotta": "minecraft:netherrack"
					}
				},
				{
					"weight": 0.5,
					"blocks": {
						"minecraft:green_terracotta": "minecraft:slime_block"
					}
				}
			]
		}
	}
}