{
    "parent": "totw_reworked:root",
    "display": {
        "icon": {
            "id": "minecraft:cracked_deepslate_bricks"
        },
        "title": {
            "translate": "I found it like this..."
        },
        "description": {
            "translate": "Find a Ancient Tower"
        },
        "frame": "task",
        "show_toast": true,
        "announce_to_chat": true,
        "hidden": false
    },
    "criteria": {
        "derelict": {
            "trigger": "minecraft:location",
            "conditions": {
                "player": [
                    {
                        "condition": "minecraft:location_check",
                        "predicate": {
                            "structures": "totw_reworked:derelict"
                        }
                    }
                ]
            }
        }
    },
    "requirements": [
        [ "derelict" ]
    ]
}
