{
    "parent": "totw_reworked:root",
    "display": {
        "icon": {
            "id": "minecraft:blue_ice"
        },
        "title": {
            "translate": "Brrrrrr"
        },
        "description": {
            "translate": "Find a Icy Tower"
        },
        "frame": "task",
        "show_toast": true,
        "announce_to_chat": true,
        "hidden": false
    },
    "criteria": {
        "ice": {
            "trigger": "minecraft:location",
            "conditions": {
                "player": [
                    {
                        "condition": "minecraft:location_check",
                        "predicate": {
                            "structures": "totw_reworked:ice"
                        }
                    }
                ]
            }
        }
    },
    "requirements": [
        [ "ice" ]
    ]
}
