{
    "parent": "totw_reworked:root",
    "display": {
        "icon": {
            "id": "minecraft:diamond_sword"
        },
        "title": {
            "translate": "A breath of fresh air"
        },
        "description": {
            "translate": "Fine...but how do I get up there?"
        },
        "frame": "task",
        "show_toast": true,
        "announce_to_chat": true,
        "hidden": false
    },
    "criteria": {
        "regular": {
            "trigger": "minecraft:location",
            "conditions": {
                "player": [
                    {
                        "condition": "minecraft:location_check",
                        "predicate": {
                            "structures": "totw_reworked:regular"
                        }
                    }
                ]
            }
        }
    },
    "requirements": [
        [ "regular" ]
    ]
}
